Id,Gender,DateOfBirth,NameP
1,F,1/31/2001,Gilbertine Cannings
2,M,12/30/1990,Nola Fried
3,M,10/15/1992,Deina Saltman
4,M,5/20/2001,Jerry Heaker
5,F,12/21/1995,Gale Paunsford
6,F,10/12/1993,Tallou Mayward
7,M,5/24/2001,Ive LeEstut
8,F,11/18/2000,Anetta Greenrod
9,M,09/09/1995,Claiborne Kiera
10,M,08/12/2005,Mannie Spyby
11,F,04/11/1993,Garold Neller
12,F,8/31/1992,Stefano Kiwitz
13,M,04/12/2001,Gigi Montes
14,F,4/29/2004,Marybelle Wick
15,F,10/01/2005,Analise Asken
16,M,10/18/1991,Jolyn Champley
17,F,10/10/1994,Kip Applewhite
18,M,07/10/2004,Joye Milne
19,F,04/09/2002,Salomon Doud
20,F,7/14/2004,Roxana Stedell
21,M,9/29/1995,Fidelio Pedrazzi
22,F,07/07/1992,Sunny Kunzler
23,M,04/03/1994,Othella Middleditch
24,F,11/20/1993,Angelita Drain
25,M,01/09/1994,Joey Money
26,M,2/26/2005,Bat Autry
27,M,8/18/1993,Lurline Verma
28,F,4/30/1990,Valeda Gatecliffe
29,M,6/14/1990,Mable Connar
30,F,12/16/1993,Iago Kirsche
31,M,7/31/1992,Nikolia Ivankovic
32,M,9/16/2002,Abigale Beed
33,F,9/17/2002,Pascal Vise
34,M,9/19/1995,Aindrea Beller
35,M,11/13/1994,Harcourt Giffin
36,F,1/17/1994,Julie Zanni
37,M,1/30/2006,Rodina Sandifer
38,F,12/16/1997,Norma Surmeyer
39,M,6/27/1998,Clevey Corzon
40,F,3/20/2001,Moyra Shortcliffe
41,F,12/01/1990,Vonny O'Hingerty
42,M,5/17/1993,Caesar Withams
43,M,11/13/1991,Bibbie Arnold
44,M,1/31/1999,Kathi Stork
45,F,07/09/1990,Philomena Edlin
46,F,12/19/1996,Harold Harpur
47,M,9/23/2001,Zenia Vinall
48,F,3/25/2000,Park Kittles
49,M,4/17/1990,Colver Van De Cappelle
50,F,7/13/1992,Salvador Jeanneau
51,F,09/09/1997,Karena Laffoley-Lane
52,F,7/20/2004,Payton Whitaker
53,M,5/19/2004,Lotty Banbrook
54,M,7/17/1993,Neron McCartney
55,F,08/02/2002,Devin Fooks
56,M,09/02/2004,Peder Halling
57,M,12/20/1993,Winifield Durrad
58,M,6/13/2003,Clayborne Domokos
59,F,12/01/2003,Bessy Deaves
60,F,11/30/2000,Northrop Miguel
61,M,6/15/2000,Cassey Thomazet
62,F,10/08/2003,Kandy Wankel
63,F,4/15/1995,Parker Parram
64,M,7/18/1999,Rowe Jerdein
65,M,05/10/1993,Fulvia Cordero
66,M,05/02/2001,Bella McGregor
67,F,11/04/1995,Rockey O'Fairy
68,F,1/28/1995,Shina Barlass
69,F,10/23/1999,Marley Bonavia
70,F,2/16/2004,Samantha Folkes
71,M,03/07/1991,Merl Rigard
72,M,5/29/2002,Enrique McLugish
73,M,12/02/1993,Bogart Willatts
74,F,11/16/1997,Genovera Surmon
75,M,3/13/1997,Tait Candlish
76,M,03/02/2000,Linn Boam
77,F,01/07/2003,Bing D'Abbot-Doyle
78,M,2/24/2003,Adriane Dumbar
79,M,04/07/1998,Clovis Petersen
80,F,7/23/2004,Dorie Gillbe
81,F,03/11/1994,Court Gligoraci
82,M,03/11/1996,Franklin Muttock
83,F,2/15/2004,Letizia Liddel
84,M,8/30/1991,Loella Yakunkin
85,M,3/31/1998,Essie Wyvill
86,F,7/26/2005,Jacqueline Besque
87,M,04/06/2000,Thaine Gelder
88,F,9/18/1991,Siobhan Jozsef
89,F,9/13/1993,Travers O'Reilly
90,M,12/10/1998,Mallissa Kivits
91,M,2/22/1991,Karlyn Alders
92,F,07/02/2002,Ivor Courtier
93,M,12/31/1991,Kean Gilloran
94,M,8/19/2002,Vivia Goodhall
95,M,3/19/2006,Sauncho Sandy
96,F,03/11/2005,Waly Fildery
97,F,05/03/1996,Jerrold Tuny
98,M,7/21/2003,Rochelle Moorman
99,F,3/14/2006,Kermy Kneeshaw
100,M,11/05/2002,Godfry Poland
101,M,3/20/2000,Carmelina Dunlop
102,M,11/17/1995,Cilka Pursehouse
103,F,3/18/1996,Duky Grand
104,F,8/27/1994,Washington L'Amie
105,M,7/27/2001,Cass Guilayn
106,F,4/27/2001,Felice Musso
107,M,12/28/2000,Mersey Youson
108,M,02/09/1991,Micheal Hakey
109,F,1/30/1998,Christoper MacHarg
110,F,10/24/1995,Lynna Chilcott
111,F,6/19/1994,Matilde Seivwright
112,F,02/12/2004,Isadore Bumfrey
113,F,11/25/1997,Sheilah Milmoe
114,F,11/21/1995,Warren Drees
115,M,06/11/2002,Row Bickmore
116,F,04/10/1995,Kristel Blais
117,M,1/21/2000,Druci Lynn
118,M,10/03/1990,Northrup Lowery
119,F,2/16/1993,Max Seath
120,F,04/01/1992,Chan Flemyng
121,M,12/30/2004,Robinetta Ducroe
122,F,10/30/2001,Bengt Kersley
123,M,07/06/1997,Anabal McGrotty
124,M,9/21/2001,Cecilio Bourbon
125,F,4/25/1992,Northrup Pennington
126,F,11/07/1994,Bendicty Cockman
127,F,06/07/1996,Dev Exroll
128,M,6/25/1990,Olga Glancy
129,M,1/27/1998,Bibi Melan
130,M,10/02/1996,Domenico Clayworth
131,F,10/30/1995,Guthrie De Metz
132,M,4/30/1995,Rochester Fullun
133,M,09/01/1994,Sancho Aldwinckle
134,F,10/30/1990,Tait Crudge
135,M,12/15/1993,Alta Puddan
136,M,7/19/2003,Earle Sumpner
137,F,3/21/2004,Kalle Streets
138,F,1/22/1992,Ina Milazzo
139,F,08/01/1999,Leticia Willmett
140,F,09/10/2000,Carolin Bullene
141,M,06/11/1996,Constantina Horsted
142,M,1/27/1993,Bartel Olfert
143,F,3/18/1992,Kevon Widdocks
144,M,7/21/1999,Demetra Clinning
145,M,1/27/1996,Laney Harsnep
146,F,12/15/1998,Sheffy Mouncher
147,F,1/16/1993,Silas Gentner
148,F,4/17/1993,Hakim Leys
149,M,8/25/1996,Salomo Cadlock
150,M,4/18/2002,Tuck Hinchshaw
151,M,4/24/1998,Sonya Dodamead
152,M,9/15/2004,Emmeline Ackhurst
153,M,12/29/1992,Vasili Martinek
154,F,06/05/1995,Sancho Sellar
155,M,12/30/2002,Abbe Bibby
156,F,5/31/2004,Theresina Stanmer
157,F,4/29/1999,Neysa Nation
158,M,7/17/2003,Stanford Blaik
159,F,12/14/2000,Florry Arundell
160,M,02/03/2004,Eadmund Cowderoy
161,F,2/16/2004,Goldia Bamblett
162,M,5/27/1998,Carroll Connerly
163,M,3/29/1991,Ashlen Mateus
164,M,10/01/1998,Clara Colleford
165,M,3/26/1991,Moise Bartelot
166,M,10/09/1998,Jeannette Alpine
167,M,12/27/1990,Laurena Merrgen
168,F,03/06/2005,Nathanael Lownie
169,M,03/10/2005,Corrine Braine
170,M,1/25/2004,Valentin Feaks
171,F,6/21/2000,Earlie Coverdale
172,F,08/10/2003,Joete Showte
173,M,10/31/1997,Avril Tunney
174,F,08/09/2001,Mariquilla Cozzi
175,M,11/17/1990,Vinita Steeples
176,F,3/16/1991,Shel Whetnall
177,M,4/20/1997,Florenza MacIan
178,F,10/18/1991,Newton Rabl
179,F,9/20/1998,Mack Corpe
180,F,8/13/2004,Gale Petrozzi
181,F,11/12/1993,Smith Tomaini
182,F,11/16/2000,Der Baniard
183,F,07/09/2003,Melanie Stubbs
184,F,8/25/2005,Joellen Coombe
185,F,9/26/2005,Beitris Gooke
186,F,03/12/1996,Bonny Rutty
187,M,2/23/1998,Karel Waggatt
188,F,6/27/1998,Dalton Durand
189,M,8/19/1993,Velma Songhurst
190,F,9/26/2002,Skipp Pentelo
191,M,11/09/2000,Garvin Pipkin
192,M,9/15/2003,Adelina Yannikov
193,M,02/02/2004,Nikola Titta
194,F,11/12/2005,Kacy Latter
195,F,6/26/1999,Lira Jendas
196,M,5/30/1992,Malvin Studholme
197,F,6/22/1992,Mitzi Janson
198,M,5/21/1998,Dulcie Drabble
199,F,09/03/2000,Ivett Buddell
200,M,5/13/1994,Kelcey Newlands
201,M,01/05/1995,Jayne Etty
202,M,09/03/1994,Vassily Laundon
203,F,07/07/1994,Ode Woolham
204,F,01/12/1993,Marwin Insworth
205,M,02/04/1997,Patricia Deller
206,M,11/30/2004,Raimundo Antonich
207,F,09/02/1993,Ilario Kinghorne
208,F,09/09/2002,Loreen Shewsmith
209,M,8/27/2003,Esther Thornham
210,F,12/02/2000,Colleen MacCallion
211,F,11/19/1999,Bobby Dyson
212,F,10/10/1999,Raven Edgcumbe
213,M,10/31/1990,Randa Batchelar
214,F,4/16/1996,Irving Hurlestone
215,F,12/26/2001,Madlin Stedson
216,F,3/17/2002,Consolata Gorger
217,M,05/01/2005,Iolanthe Aaron
218,F,10/10/1993,Janette Keyser
219,F,8/29/2004,Papageno Laverick
220,F,5/13/1997,Athena Ekell
221,M,7/21/2003,Gloria Tregaskis
222,F,4/19/2001,Nataniel Kellet
223,F,3/31/2004,Leelah Deegan
224,M,01/07/2001,Stillmann Litchfield
225,M,5/25/2001,Robinia Samways
226,F,8/26/1993,Fawnia Rosenstein
227,M,2/26/2000,Bradan Lilly
228,M,11/16/2000,Desirae Keenleyside
229,F,6/25/1999,Addia MacEvilly
230,F,7/15/1995,Jakob Sutherland
231,M,10/10/1998,Dunn Du Plantier
232,M,10/15/2001,Mariam Upward
233,M,5/16/2003,Edgard Goodee
234,M,9/17/1990,Alanna Ambrogetti
235,F,07/03/2003,Tyson Whitsun
236,M,10/24/2005,Eugenia Sjollema
237,F,06/11/2000,Merci Pountain
238,M,2/21/2004,Jesse Jerschke
239,F,11/02/1998,Paule Dawdary
240,F,4/14/1992,Kissie McGow
241,M,3/30/2006,Henrik Karpmann
242,M,7/18/2001,Francisco Diamant
243,F,12/13/1991,Alvin Melladew
244,F,07/06/1996,Hartwell Capper
245,M,11/02/1991,Sioux Millsap
246,M,12/07/1991,Grayce Kersting
247,M,10/30/1998,Harwilll Biernacki
248,M,1/27/2006,Othella Wase
249,F,9/24/1990,Ginevra Balffye
250,F,06/08/2000,Genni Ambrogioli
251,M,06/05/1992,Giuditta Readshaw
252,F,12/09/2005,Ado Vedyashkin
253,F,7/18/1998,Layney Dahler
254,F,8/17/2004,Nikolai Dorrington
255,F,10/05/2000,Loria MacGilmartin
256,M,09/03/2005,Danny McGivena
257,M,4/27/2003,Stefano Gallihawk
258,M,7/27/2002,Gwyneth Lathan
259,M,07/10/2004,Graham Siddeley
260,M,5/28/2001,Danni MacLennan
261,M,04/02/2000,Aryn Fishpond
262,F,10/28/1991,Morganne Zuenelli
263,M,8/17/1999,Ruddy Kirke
264,F,1/13/1997,Abagael Reason
265,M,3/20/2002,Netta O' Quirk
266,F,5/26/2003,Stavros Sheara
267,F,5/26/1995,Maure Roof
268,M,05/11/2000,Pattin Getcliffe
269,M,1/13/1991,Wolfie Oxteby
270,F,06/06/2002,Sansone Flindall
271,F,6/18/2002,Ottilie Apedaile
272,M,01/05/1997,Warren Marc
273,F,9/30/1993,Maximilianus Penelli
274,F,2/18/2003,Sapphira Shill
275,F,05/08/1999,Benyamin Bygrove
276,F,2/13/1996,Warde Daughtry
277,M,08/01/2001,Northrup Gwilliam
278,M,12/01/1998,Gloriane Scola
279,M,3/25/1991,Tim Dunridge
280,M,04/08/1997,Willamina Starr
281,M,6/22/2003,Tove Bortoli
282,F,4/28/1991,Ethelyn Faudrie
283,M,04/10/1993,Minnie Eim
284,M,10/23/1999,Nickolaus Jaouen
285,M,4/20/1994,Cornelle Saxby
286,M,04/05/1992,Nate Sarra
287,F,10/06/2002,Rona Lathe
288,F,6/29/1993,Debra Cahn
289,M,08/10/1999,Doris Addekin
290,F,7/30/1992,Lilias Hubbuck
291,M,11/03/2000,Elberta Sparway
292,M,03/05/2006,Missy Kett
293,M,9/25/1990,Edna Rowbotham
294,M,07/11/2004,Ileana Goodacre
295,F,8/22/1991,Klarrisa Frusher
296,M,7/26/1996,Breanne Killingback
297,M,09/10/1995,Bennie Christoffe
298,F,11/06/1994,Bartolemo Sambedge
299,F,2/26/1991,Lanette Panchin
300,M,4/20/2002,Esme Hallifax
301,M,11/03/1997,Merissa Simonnet
302,F,1/17/1991,Stuart Harvard
303,F,8/30/1991,Sutherland Balderston
304,M,10/16/1996,Hube Frere
305,M,9/13/2000,Francisca Roze
306,M,8/24/1998,Scarface Bernadzki
307,F,04/04/2002,Alicia Peter
308,M,10/19/2000,Dale Hobden
309,F,3/25/1993,Louisa Hillen
310,F,04/07/2002,Donetta Castelletti
311,F,6/14/2000,Arlan Repper
312,M,09/04/2005,Valaree Zettler
313,F,5/15/1998,Hobey Guilfoyle
314,F,06/06/1992,Suellen Upcraft
315,M,06/09/1990,Alfy Lundy
316,F,8/27/2005,Lindsey Kayne
317,F,04/05/2000,Richardo Hamil
318,F,6/20/1995,Glenna Puckey
319,M,5/21/1995,Kendre Pendrich
320,M,10/17/2000,Teodoro Dealy
321,M,12/17/2001,Valerye Scandrett
322,M,8/16/2000,Nels Warriner
323,F,9/22/1995,Ortensia Gidman
324,F,12/14/1991,Bliss Dinsdale
325,F,7/28/1993,Starlin Haukey
326,F,09/11/1996,Savina Aindriu
327,F,9/14/2001,Darcee Ferraresi
328,F,12/28/1990,Sibylle Midson
329,M,05/02/2000,Elvira Demaine
330,M,04/12/1990,Garrott Morton
331,M,05/01/2002,Pattie Filson
332,F,05/06/1997,Eyde Hurndall
333,F,2/21/1994,Augusta Mountjoy
334,M,1/21/2003,Dorey Graveney
335,M,4/21/2000,Ellynn Blaisdale
336,F,2/13/1992,Laraine McKeighen
337,F,11/18/1997,Bridget Manifold
338,F,9/29/1996,Remus Hands
339,F,11/24/2000,Tedda Chillingworth
340,M,10/04/2004,Bourke Larrington
341,F,11/08/2005,Joleen McAdam
342,F,9/14/1991,Luciana Candish
343,M,02/04/2006,Hendrika Avory
344,M,8/20/1996,Dannel Ayres
345,M,12/29/2003,Saunderson Humby
346,M,11/04/1998,Joaquin Arnott
347,M,07/06/1996,Dorry Sydall
348,M,09/10/1991,Hadlee Aukland
349,M,3/19/2001,Claybourne Prettjohn
350,F,5/23/1997,Deidre Waryk
351,F,12/08/2003,Fiorenze Vanderplas
352,F,11/25/1999,Dorree Coldham
353,F,2/15/2004,Ethelyn Sliman
354,M,08/07/2004,Oates Jewson
355,M,2/20/1994,Jack Grunnell
356,F,3/18/1991,Kristyn Zarfati
357,M,3/24/2003,Marrissa Delion
358,M,3/31/1996,Bartholemy Schleicher
359,F,10/16/2003,Starlene Moakes
360,M,4/19/1995,Chryste Caldron
361,F,09/04/2004,Bud Stapley
362,M,04/05/1997,Dickie Coughtrey
363,M,6/13/2004,Holly-anne Iddons
364,M,4/15/1998,Dodi Linwood
365,M,08/02/1993,Camala McCadden
366,M,10/21/1998,Molli Tollett
367,F,12/25/1999,Xylina Wildsmith
368,F,11/03/2003,Avrom Vannuccinii
369,M,6/19/1991,Morry Duddell
370,F,12/13/1996,Rosamond Cowell
371,M,5/23/1996,Theobald Klemencic
372,F,03/06/2002,Melisse Everley
373,M,3/26/2003,Adey Bottlestone
374,M,01/12/2005,Sukey Gumery
375,M,4/30/2004,Katee Krinks
376,F,09/03/2005,Luis Carlyon
377,F,5/14/2005,Dalenna Kershaw
378,F,6/30/1990,Randall Mangham
379,F,01/02/2004,Todd Dooney
380,F,9/14/1998,Melany Estoile
381,M,2/13/1995,Marlee Bilham
382,M,03/02/1992,Hanan Stockill
383,F,9/28/1998,Conroy Athersmith
384,F,8/18/1995,Wrennie Lusgdin
385,F,7/19/1994,Marlene Van der Velden
386,M,11/17/1991,Rayner Elwin
387,M,3/28/1993,Karrah Feaviour
388,M,01/06/2000,Hedvige Ronayne
389,F,09/03/2004,Uriah Smoth
390,M,6/22/2002,Daria Boxer
391,F,05/06/1993,Tanny Brislawn
392,M,3/18/1997,Hubie Panyer
393,F,2/28/1999,Janice Castelain
394,F,02/05/1995,Ethelda Ogus
395,F,01/10/2002,Zelda Spillman
396,F,03/05/2006,Jorey Oakley
397,M,10/20/1995,Ruthy Le Grove
398,F,7/15/2004,Arin Fforde
399,F,8/19/2003,Annadiana Nelius
400,F,2/25/1993,Terrance Whilde
401,M,1/18/2002,Ulrich McVicker
402,F,7/20/1999,Savina Allin
403,M,2/19/1996,Dore Leuty
404,F,04/05/2000,Monique Hallan
405,M,08/07/2000,Lemmie Lindeberg
406,M,02/06/2000,Duky Euler
407,M,03/06/1994,Karly Kleinsmuntz
408,F,10/10/2001,Charmine Ricardot
409,F,5/18/1991,Yance Jodrellec
410,F,3/14/2005,Dniren Akroyd
411,M,02/12/1996,Marion Thewys
412,M,3/29/1991,Maryann Clewett
413,F,02/02/2003,Mace Keal
414,F,7/23/2005,Raynell Coch
415,F,11/30/1997,Cordula Francesconi
416,F,10/30/2000,Dom Nesterov
417,F,12/10/1991,Bell Darbyshire
418,M,5/31/1998,Virgilio Luke
419,M,10/18/2005,Cesar Hedgeman
420,F,11/05/2004,Kathleen Finneran
421,F,10/08/1996,Traver Stokes
422,M,10/14/1997,Mariska Catto
423,F,8/20/1996,Fernanda Harcase
424,F,6/22/2000,Vlad Rehn
425,M,8/25/2005,Lissy Casale
426,M,07/04/2005,Cookie Bantham
427,F,09/04/1994,Catharina Croson
428,F,11/19/1998,Allie Gullberg
429,M,5/26/2002,Gill Ibbitson
430,F,8/24/1993,Zaria Leinster
431,M,12/25/2000,Boony Dolder
432,M,01/05/1994,Mayor Hunt
433,F,08/12/1997,Estrellita Lamborne
434,F,07/01/1996,Jamima Klicher
435,M,07/01/2002,Ardath Woollons
436,F,10/22/1995,Annice Buy
437,M,05/03/2000,Fannie Aleveque
438,M,11/05/1995,Roi Clampett
439,M,10/02/1991,Cindy Sibyllina
440,M,7/26/2003,Kattie Kydde
441,F,1/26/1992,Mala MacGinlay
442,F,10/29/1997,Katey Langrick
443,F,04/03/1995,Armand Ortmann
444,F,12/02/1991,Sharla Clapperton
445,F,07/09/1996,Perren Phillipp
446,M,02/08/1996,Kienan Hounsom
447,F,04/04/1996,Wallace Handlin
448,M,08/08/2005,Gardiner Birwhistle
449,F,12/06/1999,Fredek Berling
450,F,11/08/1997,Elizabet Readett
451,F,7/29/1997,Kynthia Neild
452,M,08/08/1998,Ingemar Inseal
453,M,04/06/2005,Kendre Lethibridge
454,M,9/19/1996,Erie Thrower
455,F,10/27/1990,Edi Dusting
456,F,4/26/1996,Neville Masser
457,F,11/03/2005,Elsbeth Imms
458,F,8/14/2001,Libbey Furney
459,F,3/13/2004,Neille Boucher
460,F,04/06/1993,Bernadene Pettyfer
461,F,4/17/2005,Clevey Withrington
462,F,11/22/1992,Alisa Scolts
463,F,8/25/2001,Nicko Hansman
464,M,6/15/1990,Kattie Mabon
465,M,05/06/1996,Enrica Paylor
466,M,08/02/2001,Ronni Pilch
467,F,1/30/1993,Llywellyn Lavers
468,F,03/01/1995,Jessie Yven
469,M,4/13/1992,Edvard Healeas
470,F,10/06/2000,Sapphire Hackly
471,M,08/04/2003,Dorena Quittonden
472,M,11/12/1996,Anna Bridden
473,M,3/18/1994,Issy Junkison
474,M,5/14/1994,Benny Keigher
475,F,10/18/1991,Roze Laxtonne
476,F,11/27/2004,Drake Pickring
477,F,11/26/2002,Crin Brydie
478,F,8/26/2005,David Anshell
479,M,12/05/2003,Gualterio Farncomb
480,M,2/14/1993,Susette Outright
481,M,8/26/1993,Reade Riha
482,F,1/26/1991,Allx Elgood
483,F,7/26/1992,Alfonso Leiden
484,F,09/08/1994,Cloris Maddicks
485,F,04/12/1999,Nellie Le Marchant
486,M,05/03/1992,Kean Fairest
487,M,4/25/1993,Verena MacMarcuis
488,M,1/25/1996,Isidore Broader
489,M,04/08/2003,Sisely Passie
490,M,4/23/1994,Alexandro McLinden
491,M,4/24/1994,Wynn Proger
492,F,8/18/1990,Prent Enticknap
493,F,8/18/2001,Urbain Hessay
494,F,03/10/1996,Talia Tschierasche
495,F,11/21/2003,Danie Moulds
496,M,9/15/1992,Zak Filyushkin
497,F,3/20/2005,Ealasaid Corssen
498,M,11/07/1994,Wynne Cherry Holme
499,M,10/31/2002,Donia Kumaar
500,F,5/23/1991,Dorena Selvester
501,M,8/29/1993,Consolata Ruos
502,F,12/23/1997,Willdon Woolveridge
503,F,7/13/1991,Otis Sahlstrom
504,M,11/19/1997,Shell Verduin
505,F,4/24/1997,Marcel Elsmore
506,M,7/13/2005,Aaren Freund
507,M,02/12/2001,Emmalyn Faragher
508,F,06/09/1998,Bendick Feedome
509,F,06/12/2004,Moyra Steiner
510,F,12/21/2000,Mabel Sesser
511,M,10/22/2001,Tybie Skures
512,M,09/03/1994,Devin Cordell
513,M,02/06/2005,Dewitt Beresfore
514,M,06/11/2003,Olivier Mackriell
515,F,02/10/1995,Maximo McCard
516,M,04/10/2000,Iorgos Jagielski
517,M,11/22/2000,Neils Fosdick
518,M,7/29/2004,Candy Brumham
519,M,08/11/2004,Boyce Yeldon
520,M,6/15/1995,Carny Dobie
521,F,3/19/2006,Willdon Guidoni
522,F,8/18/1993,Winny McEvay
523,M,4/19/1992,Constantina Eymer
524,M,7/30/1994,Peterus Getch
525,M,1/21/2000,Emery Neylon
526,F,6/29/1999,Jackquelin Eckh
527,F,8/22/1999,Ivy Maisey
528,M,12/29/2000,Karlyn Fetteplace
529,F,6/20/1994,Celestina Compfort
530,F,6/19/1990,Ivor Bleackley
531,M,5/30/1996,Hedvige McConnal
532,M,1/13/1997,Brade Aire
533,M,2/22/1992,Jordanna Marke
534,F,2/28/2005,Rici Wimlet
535,M,6/30/2002,Jo ann Plaskitt
536,F,5/17/1994,Filia Polack
537,M,01/02/1993,Benedick Vynehall
538,F,3/23/2005,Talia Atherton
539,M,11/25/2000,Geoffry Holton
540,F,3/18/2000,Tandy McVicar
541,M,3/31/1997,Jami Godwyn
542,F,11/19/2002,Emile Aspey
543,F,8/16/1990,Tabbie Howsan
544,M,07/05/2002,Tracee Hakking
545,F,12/01/1998,Cleon Gatty
546,M,1/23/2004,Luther Surmeyer
547,F,3/30/1994,Cozmo Tomasz
548,M,07/09/2005,Benito Higbin
549,F,8/27/2002,Conni Bridgestock
550,F,6/16/1998,Kimberli Dun
551,M,1/14/2002,Andy Lorkings
552,M,4/24/1992,Gusti Etock
553,M,3/29/1998,Randy McKoy
554,M,09/11/2005,Elle Balharry
555,M,8/31/1993,Isaac Seiter
556,M,12/23/2005,Ethelbert Andreoletti
557,M,11/07/1991,Xylina McLay
558,M,12/31/2003,Alexi Jakab
559,F,04/10/2003,Hedwig Penn
560,M,01/05/2000,Sharity Lillywhite
561,F,7/20/1998,Lelah Ghidelli
562,M,9/17/2003,Nissa Muino
563,F,10/26/1998,Maxi Bertouloume
564,F,07/04/2005,Far Etter
565,F,04/12/2005,Eilis Thow
566,F,9/19/2003,Nels Le - Count
567,F,8/31/2004,Smith Clair
568,M,10/11/1997,Gerald Wigfield
569,M,4/28/1992,Nicky Cribbin
570,F,3/20/2001,Marlow Stovold
571,M,7/29/1999,Alia Spohrmann
572,M,5/20/1991,Milly Kinnerk
573,F,05/02/2005,Oby Riepl
574,F,9/20/1992,Lonni Tuckley
575,M,01/10/2002,Celle Lamball
576,M,3/28/1996,Jephthah Chaimson
577,F,02/04/1995,Melamie Jouanet
578,M,1/29/2005,La verne Smy
579,F,1/30/1993,Cori Roderham
580,F,11/23/2000,Dulce Fowells
581,F,1/13/2001,Oralie Tappor
582,M,9/14/1991,Abram Yetton
583,M,8/27/2004,Loy Koppen
584,M,6/28/2002,Orbadiah Abells
585,M,1/23/1999,Bunnie Hought
586,F,2/24/1996,Norean Newbegin
587,F,10/02/2005,Hakim Izod
588,M,12/25/1992,Melody Dunseath
589,F,07/06/1995,Huntley Eloi
590,F,11/19/1992,Uri Rees
591,M,07/04/2005,Mayer Laverock
592,F,8/26/2005,Eleen Godsell
593,M,5/26/1994,Kayne Jewer
594,F,1/13/1997,Aili Weaving
595,F,3/14/2003,Gaspar Orpwood
596,F,1/28/2006,Rory Petrus
597,F,12/10/1996,Filmore Kernar
598,F,02/01/1999,Nahum Ganter
599,F,10/06/1995,Suki Antoniou
600,M,11/09/1997,Leoine Cod
601,F,1/24/1996,Nancie Darte
602,M,01/04/2003,Lizzy Dolden
603,F,2/22/1993,Wash Corsham
604,M,05/08/1995,Grove Chomiszewski
605,F,10/06/2001,Amandi Mathely
606,M,5/13/2004,Zachariah Jordan
607,F,08/04/1994,Eadith Probat
608,M,5/27/2004,Mikael Aharoni
609,M,8/22/2001,Nye Jiggen
610,F,5/29/2005,Ashley Jagoe
611,F,09/11/2001,Concettina Lamberth
612,F,09/01/2003,Maurise Grills
613,M,09/02/1999,Sadie Royse
614,F,8/26/2000,Cameron Loges
615,F,05/11/2004,Robina Vassman
616,F,2/27/1992,Pia Bletso
617,M,7/19/2001,Ferdie Bonaire
618,F,10/12/1990,Pavla Vidyapin
619,F,7/30/2001,Klaus Mayho
620,M,10/01/1997,Neall Rosenau
621,F,05/05/1996,Cody Gumery
622,F,10/16/2000,Antonia Sneezem
623,F,2/19/2002,Roze Narraway
624,F,09/05/1995,Zarah Poynor
625,M,04/10/2001,Rickard Junifer
626,M,01/12/2006,Tris Sharram
627,F,5/15/1997,Giacomo Havik
628,F,2/18/1999,Fidela Dredge
629,F,09/08/1993,Kathy Caisley
630,M,07/10/2005,Merrel Panton
631,M,5/27/2003,Kira Dysert
632,M,02/01/1993,Towney Comiskey
633,M,07/08/1999,Rickie Purdon
634,F,4/25/1996,Paulina Meller
635,M,1/26/1991,Sigrid Gauge
636,M,11/19/1998,Husein Cutchee
637,F,08/11/1993,Burnaby Mattek
638,M,12/09/2004,Liuka Kenealy
639,M,5/19/1996,Sheeree Quincee
640,M,3/28/1994,Prudence Fibbens
641,F,11/13/2002,Jo ann Philson
642,F,12/25/1995,Dillie Matusiak
643,M,7/29/1995,Lena Courcey
644,F,8/29/1991,Christel Glas
645,M,03/01/2002,Chicky Rhucroft
646,M,3/25/1991,Irv Laban
647,F,06/02/1990,Benedetto Oger
648,M,2/27/2003,Tad Nolot
649,F,8/18/1998,Evan Normaville
650,M,12/20/2000,Corny Matthaus
651,F,6/30/1997,Sanford Ryding
652,M,2/21/1995,Yalonda Castagneri
653,F,12/27/1993,Andrew Caudell
654,M,02/07/2002,Lennard Stather
655,F,5/24/1997,Marven Belcham
656,M,5/24/1993,Doy Reskelly
657,F,6/22/1997,Victoria Cluse
658,M,01/07/1998,Katey Lambol
659,F,7/23/1998,Abie Pavlenkov
660,F,9/20/1996,Gregg Cockman
661,F,6/22/1991,Gypsy Abramin
662,F,12/31/2001,Alla Lavery
663,M,10/08/1996,Graehme Chalcroft
664,M,5/13/2005,Dalis Burkwood
665,M,3/19/1992,Hillary Emma
666,F,11/05/1995,Taddeusz Archbell
667,M,12/08/2005,Mamie Aviss
668,M,9/18/2003,Morgan McDill
669,M,09/01/1993,Aldous Greensides
670,F,04/07/2002,Baryram Haigh
671,F,12/19/2005,Levi Sharrem
672,F,3/22/1998,Albrecht Devanney
673,F,09/05/1995,Star Fernant
674,F,6/17/1998,Aguistin McClelland
675,M,09/02/1997,Stacy Florey
676,F,3/21/2002,Mirella Luscott
677,F,10/21/2004,Letta MacInherney
678,M,3/19/1996,Dwight Willingham
679,F,2/14/2005,Georgetta Delahunty
680,F,7/23/2000,Ana Bettleson
681,M,8/25/1992,Kessia Murrison
682,F,6/18/2004,Sal Ivasyushkin
683,F,1/19/1994,Edna Hugnot
684,F,05/09/1996,Jeanie Rugiero
685,M,12/09/2001,Land Meindl
686,F,9/18/1992,Kylen Patey
687,F,08/12/1994,Hollis Antuk
688,F,11/06/1997,Barny McBlain
689,F,11/04/1999,Etheline Reicherz
690,M,08/03/1997,Connie Guinn
691,M,9/22/2004,Alic MacMaster
692,M,02/02/1991,Raye Kaine
693,F,10/01/1996,Kessia Dallinder
694,F,05/09/2004,Melli Dumbleton
695,F,07/01/1991,Flemming Windle
696,F,8/30/2004,Keen Benediktovich
697,M,10/15/1999,Trina Tudbald
698,F,11/29/1995,Kerr Putson
699,M,6/16/2003,Leo Worgan
700,M,5/17/2002,Ruth Slipper
701,F,01/10/2001,Hubie Frederick
702,F,6/21/1993,Regina Pullan
703,M,5/17/2002,Freida Gheerhaert
704,M,06/12/2004,Vale Beyn
705,M,8/23/1999,Maritsa Bullen
706,M,7/31/2004,Lisette Lawrenz
707,F,08/05/1999,Fenelia Heck
708,F,5/16/2004,Frederique Gaskin
709,F,02/04/2001,Gerti Grinnell
710,M,02/04/2003,Keefer Dekeyser
711,F,04/12/1993,Evvie Pieterick
712,M,09/07/1990,Meridel Sacaze
713,F,11/22/2001,Sid Alwell
714,M,4/19/1995,Tana Lunt
715,F,11/26/2004,Yelena More
716,F,2/29/1996,Danny Capon
717,F,3/31/1997,Kermie Algeo
718,M,9/15/2005,Oliy Jewett
719,M,10/13/1992,Adriano Tattersall
720,M,10/18/2004,Beckie Bukac
721,F,06/06/1997,Barron Issacov
722,M,7/13/2000,Stevana Gaspar
723,M,7/16/1999,Lyon Youdell
724,F,10/16/1993,Abbott Ferrige
725,F,9/25/1995,Freedman Haslehurst
726,M,04/06/1996,Jacinthe Parnall
727,F,10/04/1996,Rafael Whoolehan
728,M,11/27/2003,Marlowe Willson
729,F,02/06/2002,Nessi Seefeldt
730,M,2/26/1991,Shaun Blair
731,F,03/10/1998,Nesta Nortunen
732,F,05/11/1996,Daron Buckeridge
733,F,01/05/1996,Elihu Tumbelty
734,M,2/13/1992,Kameko Reicherz
735,M,9/27/2001,Cahra Bartleman
736,M,09/01/1995,Jecho Gatty
737,F,6/20/1992,Chan Boyse
738,F,9/13/2000,Elene Snedden
739,F,10/21/1997,Bari Witheford
740,F,05/06/1992,Angela Toon
741,M,10/20/1996,Josephina Waterhowse
742,F,09/09/2002,Marisa Piche
743,F,8/30/1991,Huberto Penhale
744,M,01/10/2006,Leanora Gunney
745,M,10/06/1999,Bobbi Hiers
746,F,2/26/1997,Cassandry Bladge
747,M,1/18/1993,Richy Itscovitz
748,F,11/27/1990,Adara Grigoire
749,F,04/08/1998,Jeddy Tomlett
750,M,7/28/1990,Herrick Yesichev
751,M,02/10/2003,Victor Fidock
752,M,1/27/1998,Hollis Kupec
753,F,1/26/1999,Felicity Lerigo
754,M,9/13/1995,Zacharie Darbey
755,F,10/15/2005,Dylan Speed
756,F,2/26/2002,Garrard Adair
757,M,5/25/1995,Efrem Izakov
758,F,01/09/2005,Isadore Rusk
759,F,7/24/2005,Leshia Ryde
760,M,04/08/2004,Lefty Haverson
761,M,4/26/1991,Marcile Kembrey
762,M,9/17/1993,Brody Blizard
763,M,12/31/2004,Maisie Briddle
764,F,09/05/2002,Maudie Whordley
765,F,03/12/2006,Abraham Pittham
766,M,04/07/1991,Ax Sievewright
767,F,2/20/2001,Baillie Laffoley-Lane
768,F,01/11/2001,Ammamaria Josilevich
769,F,10/23/1999,Cody Alleyn
770,M,02/05/2000,Shayla Sackey
771,M,4/25/1990,Elsie Galpen
772,M,12/01/1997,Kittie Barry
773,F,7/15/1991,Shaine Carous
774,F,10/26/1993,Perrine Greenmon
775,F,07/03/1997,Gae Goodered
776,M,10/01/2000,Winnie Leechman
777,F,8/28/1991,Rena Crombleholme
778,M,11/17/1998,Alayne Trewhitt
779,F,3/14/2004,Lidia Janzen
780,F,2/27/2004,Giraud Daulton
781,F,2/28/1997,Ferris Gidman
782,F,01/12/2005,Benji Alyukin
783,F,04/09/2003,Marya Fassum
784,F,04/09/1995,Judith Clougher
785,M,1/22/2001,Andi Rosenblad
786,M,11/04/1999,Dom Ogden
787,M,12/05/1995,Roberta Tegler
788,M,05/12/2003,Karia Tremblot
789,F,04/10/1994,Val Fitchew
790,M,4/17/1999,Coral Dimnage
791,F,3/21/2000,Marco Juste
792,M,12/04/1991,Emalee Condict
793,F,4/26/2000,Sigismondo Brittan
794,F,12/28/1990,Bernardina Brankley
795,M,10/26/1991,Kerk Grayer
796,M,4/17/1992,Frants Canto
797,F,1/23/1997,Werner Haylock
798,F,12/21/1992,Jen Bevis
799,F,6/29/2003,Vin Lisciandro
800,M,01/07/1998,Dru Stagg
