IdR,NameR,Capacity
1,felis,49
2,faucibus,32
3,Curae,36
4,euismod,48
5,Proin,47
6,In,33
7,"vitae,",33
8,sem,40
9,non,42
10,nec,48
11,Integer,23
12,purus,29
13,"sed,",41
14,egestas.,45
15,nec,50
16,"orci,",23
17,ipsum,37
18,"non,",47
19,"ut,",29
20,condimentum,34
21,nunc,44
22,libero.,50
23,lacus.,26
24,neque,34
25,risus.,25
26,aptent,41
27,Pellentesque,31
28,non,28
29,libero.,47
30,mus.,22
31,lectus,44
32,ultrices,21
33,tellus.,45
34,sit,29
35,morbi,33
36,odio,34
37,molestie,38
38,"a,",28
39,"convallis,",48
40,libero.,38
41,Nunc,39
42,Duis,45
43,Fusce,35
44,"tincidunt,",31
45,"ac,",21
46,laoreet,25
47,eget,48
48,Aliquam,45
49,tempus,24
50,Aliquam,21
51,commodo,22
52,non,25
53,nulla.,35
54,vehicula.,45
55,adipiscing,20
56,"odio,",26
57,tempus,33
58,"orci,",24
59,sodales,47
60,litora,37
61,arcu.,47
62,elit,49
63,semper.,33
64,ornare,43
65,et,48
66,varius.,40
67,Nullam,36
68,Duis,29
69,ut,21
70,Nunc,35
71,quis,42
72,Nunc,36
73,"nec,",39
74,aliquam,44
75,in,25
76,vitae,31
77,consequat,21
78,"facilisis,",49
79,sociis,47
80,at,23
81,"montes,",30
82,arcu.,43
83,ac,36
84,"mauris,",46
85,faucibus,50
86,"mauris,",29
87,risus,39
88,orci,38
89,primis,28
90,ut,49
91,dictum.,34
92,mauris,34
93,Donec,41
94,sem,41
95,Donec,22
96,volutpat.,35
97,hendrerit,38
98,pellentesque,38
99,ac,35
100,malesuada,28
101,ultrices,21
102,nisi,35
103,tincidunt,37
104,id,30
105,nonummy,21
106,enim.,39
107,Proin,22
108,"id,",42
109,volutpat.,49
110,pede,49
111,Sed,36
112,eget,28
113,velit.,26
114,Curabitur,31
115,Donec,44
116,risus.,22
117,scelerisque,47
118,"a,",47
119,mauris,43
120,mauris,50
121,iaculis,47
122,neque.,23
123,diam,28
124,convallis,38
125,"montes,",26
126,ut,26
127,sed,43
128,Phasellus,42
129,taciti,35
130,dictum.,39
131,sit,27
132,hendrerit,22
133,Fusce,28
134,convallis,49
135,metus.,25
136,dignissim,20
137,et,39
138,et,29
139,Donec,50
140,neque,46
141,sem,35
142,Vivamus,37
143,Curabitur,27
144,velit.,38
145,in,46
146,iaculis,35
147,tincidunt,39
148,ultricies,42
149,nisi,40
150,magna.,32
151,at,42
152,ultrices.,42
153,Phasellus,31
154,ullamcorper,25
155,massa.,43
156,quam.,48
157,morbi,48
158,turpis,23
159,Sed,49
160,faucibus,48
161,pede,25
162,sed,30
163,Sed,38
164,erat.,47
165,odio,29
166,ligula.,38
167,mus.,42
168,habitant,46
169,magna.,45
170,"dolor,",28
171,lectus,23
172,inceptos,23
173,eu,23
174,mus.,26
175,Mauris,27
176,Morbi,30
177,In,31
178,elit,25
179,viverra.,21
180,"nec,",29
181,Aliquam,33
182,ac,34
183,"nunc,",40
184,porta,44
185,sed,30
186,Nullam,50
187,eu,34
188,odio,32
189,sed,44
190,accumsan,29
191,at,21
192,lectus,26
193,erat,37
194,odio.,41
195,Suspendisse,48
196,nulla,48
197,arcu.,42
198,elit.,49
199,mauris,44
200,"lorem,",32
201,turpis.,48
202,id,31
203,arcu.,39
204,non,49
205,nec,50
206,"eu,",30
207,In,35
208,enim.,37
209,Etiam,34
210,Duis,44
211,tellus,38
212,Duis,31
213,Integer,28
214,Duis,33
215,rhoncus.,49
216,sagittis,41
217,egestas,50
218,varius,36
219,varius,28
220,interdum.,28
221,sem,41
222,Proin,43
223,felis.,29
224,Duis,36
225,rhoncus.,30
226,Phasellus,36
227,condimentum.,29
228,"dolor,",38
229,ac,50
230,"in,",24
231,diam,22
232,"eget,",21
233,Donec,43
234,primis,24
235,varius,34
236,tristique,39
237,"montes,",47
238,Quisque,39
239,"ut,",43
240,mus.,27
241,lectus.,32
242,egestas,39
243,varius,48
244,Class,35
245,arcu,45
246,Cras,45
247,Ut,30
248,arcu.,43
249,ipsum.,45
250,laoreet,49
251,eu,24
252,eget,39
253,Nunc,36
254,egestas,41
255,magna.,28
256,felis,48
257,magnis,48
258,Phasellus,37
259,scelerisque,29
260,risus,25
261,dui,30
262,est,28
263,"posuere,",40
264,tortor.,21
265,egestas,39
266,Phasellus,42
267,"ullamcorper,",34
268,tellus,38
269,pharetra,32
270,ligula,35
271,ante.,35
272,sodales,32
273,mi,33
274,a,30
275,iaculis,35
276,pharetra,43
277,ligula.,32
278,tincidunt,29
279,sagittis.,44
280,nibh,26
281,Etiam,38
282,"at,",46
283,lobortis,34
284,"aliquet,",37
285,ante,21
286,molestie,25
287,ligula.,36
288,eu,22
289,nulla,23
290,tristique,45
291,sem,30
292,Quisque,20
293,blandit,48
294,"vel,",34
295,pede.,38
296,"vulputate,",23
297,malesuada.,46
298,in,43
299,pretium,49
300,"id,",33
301,ut,23
302,ut,23
303,nisl,32
304,iaculis,35
305,quam,48
306,quam,43
307,"pede,",41
308,ante.,39
309,eu,30
310,lorem,36
311,ultricies,44
312,"lacus,",42
313,malesuada,27
314,nisl,37
315,placerat,42
316,velit,34
317,"at,",31
318,"facilisis,",37
319,Fusce,45
320,blandit,45
321,"nec,",31
322,ullamcorper,25
323,commodo,32
324,et,41
325,ut,38
326,"vitae,",23
327,facilisis,43
328,tellus,39
329,magna.,35
330,Vestibulum,34
331,Morbi,33
332,rutrum,36
333,rhoncus.,41
334,"nec,",38
335,Proin,40
336,lectus,22
337,"quis,",48
338,rhoncus.,21
339,dolor,31
340,ultrices.,37
341,Suspendisse,32
342,porttitor,49
343,aliquet,39
344,malesuada.,47
345,sed,47
346,neque.,38
347,"amet,",24
348,non,23
349,ullamcorper,36
350,consequat,24
351,Nullam,28
352,Fusce,48
353,libero,35
354,arcu.,45
355,erat,33
356,Aenean,41
357,Curae,22
358,imperdiet,49
359,felis.,45
360,ligula.,39
361,Nam,34
362,dapibus,49
363,cursus,37
364,sagittis,28
365,risus.,42
366,tempus,27
367,Nullam,20
368,sem,32
369,magna.,49
370,Class,20
371,consectetuer,30
372,ornare,37
373,magnis,44
374,"sed,",40
375,"nec,",33
376,"tellus,",38
377,"lectus,",26
378,a,29
379,Donec,32
380,"dui,",30
381,iaculis,22
382,vitae,25
383,nulla,38
384,"non,",49
385,sapien,34
386,egestas,47
387,In,26
388,pharetra.,33
389,Cras,25
390,Etiam,42
391,"lacus,",21
392,ipsum.,48
393,ligula.,35
394,leo,26
395,mattis.,27
396,magna.,22
397,pellentesque,37
398,lobortis.,46
399,nascetur,38
400,torquent,39
